{
    "swagger": "2.0",
    "info": {
        "description": "Backend APIs for Yahya's RemixJS Blog",
        "title": "YahyaOnCloud Blog API",
        "contact": {},
        "version": "1.0"
    },
    "host": "localhost:8080",
    "basePath": "/api",
    "paths": {
        "/auth/github/callback": {
            "get": {
                "description": "Exchanges GitHub OAuth code for access token, verifies user, and returns JWT",
                "consumes": [
                    "application/json"
                ],
                "produces": [
                    "application/json"
                ],
                "tags": [
                    "Auth"
                ],
                "summary": "GitHub OAuth Callback",
                "parameters": [
                    {
                        "type": "string",
                        "description": "OAuth code from GitHub",
                        "name": "code",
                        "in": "query",
                        "required": true
                    }
                ],
                "responses": {
                    "200": {
                        "description": "JWT Token Response",
                        "schema": {
                            "type": "object",
                            "additionalProperties": {
                                "type": "string"
                            }
                        }
                    },
                    "400": {
                        "description": "Missing code",
                        "schema": {
                            "type": "string"
                        }
                    },
                    "401": {
                        "description": "Unauthorized GitHub user",
                        "schema": {
                            "type": "string"
                        }
                    },
                    "500": {
                        "description": "Internal Server Error",
                        "schema": {
                            "type": "string"
                        }
                    }
                }
            }
        },
        "/auth/github/login": {
            "get": {
                "description": "Redirects the user to GitHub OAuth login page",
                "consumes": [
                    "application/json"
                ],
                "produces": [
                    "application/json"
                ],
                "tags": [
                    "Auth"
                ],
                "summary": "Redirect to GitHub login",
                "responses": {
                    "302": {
                        "description": "Redirect to GitHub OAuth",
                        "schema": {
                            "type": "string"
                        }
                    }
                }
            }
        },
        "/categories": {
            "get": {
                "description": "Returns a list of all blog categories",
                "produces": [
                    "application/json"
                ],
                "tags": [
                    "categories"
                ],
                "summary": "Get all categories",
                "responses": {
                    "200": {
                        "description": "OK",
                        "schema": {
                            "type": "array",
                            "items": {
                                "$ref": "#/definitions/models.Category"
                            }
                        }
                    },
                    "500": {
                        "description": "Internal Server Error",
                        "schema": {
                            "type": "object",
                            "additionalProperties": {
                                "type": "string"
                            }
                        }
                    }
                }
            },
            "put": {
                "description": "Updates an existing blog category",
                "consumes": [
                    "application/json"
                ],
                "produces": [
                    "application/json"
                ],
                "tags": [
                    "categories"
                ],
                "summary": "Update a category",
                "parameters": [
                    {
                        "type": "string",
                        "description": "Category ID",
                        "name": "id",
                        "in": "query",
                        "required": true
                    },
                    {
                        "description": "Updated category object",
                        "name": "category",
                        "in": "body",
                        "required": true,
                        "schema": {
                            "$ref": "#/definitions/models.Category"
                        }
                    }
                ],
                "responses": {
                    "200": {
                        "description": "OK",
                        "schema": {
                            "$ref": "#/definitions/models.Category"
                        }
                    },
                    "400": {
                        "description": "Bad Request",
                        "schema": {
                            "type": "object",
                            "additionalProperties": {
                                "type": "string"
                            }
                        }
                    },
                    "500": {
                        "description": "Internal Server Error",
                        "schema": {
                            "type": "object",
                            "additionalProperties": {
                                "type": "string"
                            }
                        }
                    }
                }
            },
            "post": {
                "description": "Accepts a single category object or an array of category objects for bulk insert",
                "consumes": [
                    "application/json"
                ],
                "produces": [
                    "application/json"
                ],
                "tags": [
                    "categories"
                ],
                "summary": "Create category or list of categories",
                "parameters": [
                    {
                        "description": "List of categories or single category",
                        "name": "categories",
                        "in": "body",
                        "required": true,
                        "schema": {
                            "type": "array",
                            "items": {
                                "$ref": "#/definitions/models.Category"
                            }
                        }
                    }
                ],
                "responses": {
                    "200": {
                        "description": "OK",
                        "schema": {
                            "type": "object",
                            "additionalProperties": true
                        }
                    },
                    "400": {
                        "description": "Bad Request",
                        "schema": {
                            "type": "object",
                            "additionalProperties": {
                                "type": "string"
                            }
                        }
                    },
                    "500": {
                        "description": "Internal Server Error",
                        "schema": {
                            "type": "object",
                            "additionalProperties": {
                                "type": "string"
                            }
                        }
                    }
                }
            },
            "delete": {
                "description": "Deletes a category by ID",
                "produces": [
                    "application/json"
                ],
                "tags": [
                    "categories"
                ],
                "summary": "Delete a category",
                "parameters": [
                    {
                        "type": "string",
                        "description": "Category ID",
                        "name": "id",
                        "in": "query",
                        "required": true
                    }
                ],
                "responses": {
                    "200": {
                        "description": "OK",
                        "schema": {
                            "type": "object",
                            "additionalProperties": {
                                "type": "string"
                            }
                        }
                    },
                    "500": {
                        "description": "Internal Server Error",
                        "schema": {
                            "type": "object",
                            "additionalProperties": {
                                "type": "string"
                            }
                        }
                    }
                }
            }
        },
        "/portfolio": {
            "get": {
                "description": "Returns the portfolio data",
                "produces": [
                    "application/json"
                ],
                "tags": [
                    "portfolio"
                ],
                "summary": "Get portfolio",
                "responses": {
                    "200": {
                        "description": "OK",
                        "schema": {
                            "$ref": "#/definitions/models.Portfolio"
                        }
                    },
                    "404": {
                        "description": "Not Found",
                        "schema": {
                            "type": "object",
                            "additionalProperties": {
                                "type": "string"
                            }
                        }
                    }
                }
            },
            "put": {
                "description": "Update a portfolio by ID",
                "consumes": [
                    "application/json"
                ],
                "produces": [
                    "application/json"
                ],
                "tags": [
                    "portfolio"
                ],
                "summary": "Update portfolio",
                "parameters": [
                    {
                        "description": "Portfolio data",
                        "name": "portfolio",
                        "in": "body",
                        "required": true,
                        "schema": {
                            "$ref": "#/definitions/models.Portfolio"
                        }
                    }
                ],
                "responses": {
                    "200": {
                        "description": "OK",
                        "schema": {
                            "$ref": "#/definitions/models.Portfolio"
                        }
                    },
                    "400": {
                        "description": "Bad Request",
                        "schema": {
                            "type": "object",
                            "additionalProperties": {
                                "type": "string"
                            }
                        }
                    }
                }
            }
        },
        "/posts": {
            "get": {
                "description": "Returns a list of all blog posts",
                "produces": [
                    "application/json"
                ],
                "tags": [
                    "posts"
                ],
                "summary": "Get all posts",
                "responses": {
                    "200": {
                        "description": "OK",
                        "schema": {
                            "type": "array",
                            "items": {
                                "$ref": "#/definitions/models.Post"
                            }
                        }
                    }
                }
            },
            "post": {
                "description": "Accepts a post object and creates it",
                "consumes": [
                    "application/json"
                ],
                "produces": [
                    "application/json"
                ],
                "tags": [
                    "posts"
                ],
                "summary": "Create a new post",
                "parameters": [
                    {
                        "description": "Post to create",
                        "name": "post",
                        "in": "body",
                        "required": true,
                        "schema": {
                            "$ref": "#/definitions/models.Post"
                        }
                    }
                ],
                "responses": {
                    "200": {
                        "description": "OK",
                        "schema": {
                            "$ref": "#/definitions/models.Post"
                        }
                    }
                }
            }
        },
        "/posts/category/{id}": {
            "get": {
                "description": "Retrieve posts filtered by a specific category ID",
                "consumes": [
                    "application/json"
                ],
                "produces": [
                    "application/json"
                ],
                "tags": [
                    "posts"
                ],
                "summary": "Get posts by category",
                "parameters": [
                    {
                        "type": "string",
                        "description": "Category ID",
                        "name": "id",
                        "in": "path",
                        "required": true
                    }
                ],
                "responses": {
                    "200": {
                        "description": "OK",
                        "schema": {
                            "type": "array",
                            "items": {
                                "$ref": "#/definitions/models.Post"
                            }
                        }
                    },
                    "500": {
                        "description": "Internal Server Error",
                        "schema": {
                            "type": "string"
                        }
                    }
                }
            }
        },
        "/posts/search": {
            "get": {
                "description": "Search posts by query, category, tags, or type",
                "consumes": [
                    "application/json"
                ],
                "produces": [
                    "application/json"
                ],
                "tags": [
                    "posts"
                ],
                "summary": "Search posts",
                "parameters": [
                    {
                        "type": "string",
                        "description": "Text search query (title, content)",
                        "name": "q",
                        "in": "query"
                    },
                    {
                        "type": "array",
                        "items": {
                            "type": "string"
                        },
                        "collectionFormat": "csv",
                        "description": "Category ID array",
                        "name": "cat",
                        "in": "query"
                    },
                    {
                        "type": "array",
                        "items": {
                            "type": "string"
                        },
                        "collectionFormat": "csv",
                        "description": "Tag ID array",
                        "name": "tag",
                        "in": "query"
                    },
                    {
                        "type": "array",
                        "items": {
                            "type": "string"
                        },
                        "collectionFormat": "csv",
                        "description": "Type ID array",
                        "name": "type",
                        "in": "query"
                    }
                ],
                "responses": {
                    "200": {
                        "description": "OK",
                        "schema": {
                            "type": "array",
                            "items": {
                                "$ref": "#/definitions/models.Post"
                            }
                        }
                    },
                    "500": {
                        "description": "Internal Server Error",
                        "schema": {
                            "type": "string"
                        }
                    }
                }
            }
        },
        "/posts/{id}": {
            "get": {
                "description": "Returns a single post by ID",
                "produces": [
                    "application/json"
                ],
                "tags": [
                    "posts"
                ],
                "summary": "Get a post by ID",
                "parameters": [
                    {
                        "type": "string",
                        "description": "Post ID",
                        "name": "id",
                        "in": "path",
                        "required": true
                    }
                ],
                "responses": {
                    "200": {
                        "description": "OK",
                        "schema": {
                            "$ref": "#/definitions/models.Post"
                        }
                    },
                    "404": {
                        "description": "Not Found"
                    },
                    "500": {
                        "description": "Internal Server Error"
                    }
                }
            },
            "put": {
                "description": "Accepts a post object and updates it",
                "consumes": [
                    "application/json"
                ],
                "produces": [
                    "application/json"
                ],
                "tags": [
                    "posts"
                ],
                "summary": "Update a post",
                "parameters": [
                    {
                        "type": "string",
                        "description": "Post ID",
                        "name": "id",
                        "in": "path",
                        "required": true
                    },
                    {
                        "description": "Post to update",
                        "name": "post",
                        "in": "body",
                        "required": true,
                        "schema": {
                            "$ref": "#/definitions/models.Post"
                        }
                    }
                ],
                "responses": {
                    "200": {
                        "description": "OK",
                        "schema": {
                            "$ref": "#/definitions/models.Post"
                        }
                    }
                }
            },
            "delete": {
                "description": "Deletes a post by ID",
                "produces": [
                    "application/json"
                ],
                "tags": [
                    "posts"
                ],
                "summary": "Delete a post",
                "parameters": [
                    {
                        "type": "string",
                        "description": "Post ID",
                        "name": "id",
                        "in": "path",
                        "required": true
                    }
                ],
                "responses": {
                    "204": {
                        "description": "No Content"
                    },
                    "400": {
                        "description": "Bad Request"
                    },
                    "500": {
                        "description": "Internal Server Error"
                    }
                }
            }
        },
        "/tags": {
            "get": {
                "description": "Returns a list of all blog tags",
                "produces": [
                    "application/json"
                ],
                "tags": [
                    "tags"
                ],
                "summary": "Get all tags",
                "responses": {
                    "200": {
                        "description": "OK",
                        "schema": {
                            "type": "array",
                            "items": {
                                "$ref": "#/definitions/models.Tag"
                            }
                        }
                    },
                    "500": {
                        "description": "Internal Server Error",
                        "schema": {
                            "type": "object",
                            "additionalProperties": {
                                "type": "string"
                            }
                        }
                    }
                }
            },
            "put": {
                "description": "Updates an existing blog tag",
                "consumes": [
                    "application/json"
                ],
                "produces": [
                    "application/json"
                ],
                "tags": [
                    "tags"
                ],
                "summary": "Update a tag",
                "parameters": [
                    {
                        "type": "string",
                        "description": "Tag ID",
                        "name": "id",
                        "in": "query",
                        "required": true
                    },
                    {
                        "description": "Updated tag object",
                        "name": "tag",
                        "in": "body",
                        "required": true,
                        "schema": {
                            "$ref": "#/definitions/models.Tag"
                        }
                    }
                ],
                "responses": {
                    "200": {
                        "description": "OK",
                        "schema": {
                            "$ref": "#/definitions/models.Tag"
                        }
                    },
                    "400": {
                        "description": "Bad Request",
                        "schema": {
                            "type": "object",
                            "additionalProperties": {
                                "type": "string"
                            }
                        }
                    },
                    "500": {
                        "description": "Internal Server Error",
                        "schema": {
                            "type": "object",
                            "additionalProperties": {
                                "type": "string"
                            }
                        }
                    }
                }
            },
            "post": {
                "description": "Accepts a single tag object or an array of tag objects for bulk insert",
                "consumes": [
                    "application/json"
                ],
                "produces": [
                    "application/json"
                ],
                "tags": [
                    "tags"
                ],
                "summary": "Create tag or list of tags",
                "parameters": [
                    {
                        "description": "List of tags or single tag",
                        "name": "tags",
                        "in": "body",
                        "required": true,
                        "schema": {
                            "type": "array",
                            "items": {
                                "$ref": "#/definitions/models.Tag"
                            }
                        }
                    }
                ],
                "responses": {
                    "200": {
                        "description": "OK",
                        "schema": {
                            "type": "object",
                            "additionalProperties": true
                        }
                    },
                    "400": {
                        "description": "Bad Request",
                        "schema": {
                            "type": "object",
                            "additionalProperties": {
                                "type": "string"
                            }
                        }
                    },
                    "500": {
                        "description": "Internal Server Error",
                        "schema": {
                            "type": "object",
                            "additionalProperties": {
                                "type": "string"
                            }
                        }
                    }
                }
            },
            "delete": {
                "description": "Deletes a tag by ID",
                "produces": [
                    "application/json"
                ],
                "tags": [
                    "tags"
                ],
                "summary": "Delete a tag",
                "parameters": [
                    {
                        "type": "string",
                        "description": "Tag ID",
                        "name": "id",
                        "in": "query",
                        "required": true
                    }
                ],
                "responses": {
                    "200": {
                        "description": "OK",
                        "schema": {
                            "type": "object",
                            "additionalProperties": {
                                "type": "string"
                            }
                        }
                    },
                    "500": {
                        "description": "Internal Server Error",
                        "schema": {
                            "type": "object",
                            "additionalProperties": {
                                "type": "string"
                            }
                        }
                    }
                }
            }
        },
        "/types": {
            "get": {
                "description": "Returns a list of all blog content types",
                "produces": [
                    "application/json"
                ],
                "tags": [
                    "types"
                ],
                "summary": "Get all types",
                "responses": {
                    "200": {
                        "description": "OK",
                        "schema": {
                            "type": "array",
                            "items": {
                                "$ref": "#/definitions/models.Type"
                            }
                        }
                    },
                    "500": {
                        "description": "Internal Server Error",
                        "schema": {
                            "type": "object",
                            "additionalProperties": {
                                "type": "string"
                            }
                        }
                    }
                }
            },
            "post": {
                "description": "Creates a new blog type with a generated TypeID",
                "consumes": [
                    "application/json"
                ],
                "produces": [
                    "application/json"
                ],
                "tags": [
                    "types"
                ],
                "summary": "Create a new type",
                "parameters": [
                    {
                        "description": "Type object",
                        "name": "type",
                        "in": "body",
                        "required": true,
                        "schema": {
                            "$ref": "#/definitions/models.Type"
                        }
                    }
                ],
                "responses": {
                    "201": {
                        "description": "Created",
                        "schema": {
                            "$ref": "#/definitions/models.Type"
                        }
                    },
                    "400": {
                        "description": "Bad Request",
                        "schema": {
                            "type": "object",
                            "additionalProperties": {
                                "type": "string"
                            }
                        }
                    },
                    "500": {
                        "description": "Internal Server Error",
                        "schema": {
                            "type": "object",
                            "additionalProperties": {
                                "type": "string"
                            }
                        }
                    }
                }
            }
        },
        "/types/{type_id}": {
            "delete": {
                "description": "Deletes a blog type by its TypeID",
                "produces": [
                    "application/json"
                ],
                "tags": [
                    "types"
                ],
                "summary": "Delete a type",
                "parameters": [
                    {
                        "type": "string",
                        "description": "Type ID",
                        "name": "type_id",
                        "in": "path",
                        "required": true
                    }
                ],
                "responses": {
                    "200": {
                        "description": "OK",
                        "schema": {
                            "type": "object",
                            "additionalProperties": {
                                "type": "string"
                            }
                        }
                    },
                    "400": {
                        "description": "Bad Request",
                        "schema": {
                            "type": "object",
                            "additionalProperties": {
                                "type": "string"
                            }
                        }
                    },
                    "404": {
                        "description": "Not Found",
                        "schema": {
                            "type": "object",
                            "additionalProperties": {
                                "type": "string"
                            }
                        }
                    },
                    "500": {
                        "description": "Internal Server Error",
                        "schema": {
                            "type": "object",
                            "additionalProperties": {
                                "type": "string"
                            }
                        }
                    }
                }
            }
        },
        "/validate-token": {
            "get": {
                "description": "Validates the JWT token and returns user information",
                "consumes": [
                    "application/json"
                ],
                "produces": [
                    "application/json"
                ],
                "tags": [
                    "auth"
                ],
                "summary": "Validate JWT Token",
                "responses": {
                    "200": {
                        "description": "OK",
                        "schema": {
                            "type": "object",
                            "additionalProperties": {
                                "type": "string"
                            }
                        }
                    },
                    "401": {
                        "description": "Unauthorized",
                        "schema": {
                            "type": "string"
                        }
                    }
                }
            }
        }
    },
    "definitions": {
        "models.Achievement": {
            "type": "object",
            "properties": {
                "description": {
                    "type": "string"
                },
                "organizer": {
                    "type": "string"
                },
                "title": {
                    "type": "string"
                }
            }
        },
        "models.Category": {
            "type": "object",
            "properties": {
                "catID": {
                    "type": "string"
                },
                "id": {
                    "type": "string"
                },
                "name": {
                    "type": "string"
                },
                "slug": {
                    "type": "string"
                }
            }
        },
        "models.Certification": {
            "type": "object",
            "properties": {
                "issuer": {
                    "type": "string"
                },
                "title": {
                    "type": "string"
                },
                "year": {
                    "type": "string"
                }
            }
        },
        "models.Comment": {
            "type": "object",
            "properties": {
                "content": {
                    "description": "Comment text",
                    "type": "string"
                },
                "created_at": {
                    "description": "Timestamp of creation",
                    "type": "string"
                },
                "id": {
                    "type": "integer"
                },
                "post_id": {
                    "description": "ID of the blog post",
                    "type": "integer"
                },
                "user_id": {
                    "description": "ID of the user who made the comment",
                    "type": "integer"
                }
            }
        },
        "models.Contact": {
            "type": "object",
            "properties": {
                "email": {
                    "type": "string"
                },
                "linkedin": {
                    "type": "string"
                },
                "phone": {
                    "type": "string"
                }
            }
        },
        "models.CurrentWork": {
            "type": "object",
            "properties": {
                "description": {
                    "type": "string"
                },
                "title": {
                    "type": "string"
                }
            }
        },
        "models.Education": {
            "type": "object",
            "properties": {
                "courses": {
                    "type": "array",
                    "items": {
                        "type": "string"
                    }
                },
                "degree": {
                    "type": "string"
                },
                "institution": {
                    "type": "string"
                }
            }
        },
        "models.Experience": {
            "type": "object",
            "properties": {
                "description": {
                    "type": "array",
                    "items": {
                        "type": "string"
                    }
                },
                "location": {
                    "type": "string"
                },
                "period": {
                    "type": "string"
                },
                "title": {
                    "type": "string"
                }
            }
        },
        "models.MediaAsset": {
            "type": "object",
            "properties": {
                "altText": {
                    "type": "string"
                },
                "createdAt": {
                    "type": "string"
                },
                "id": {
                    "type": "string"
                },
                "postId": {
                    "type": "string"
                },
                "type": {
                    "type": "string"
                },
                "uploadedBy": {
                    "type": "string"
                },
                "url": {
                    "type": "string"
                }
            }
        },
        "models.Portfolio": {
            "type": "object",
            "properties": {
                "_id": {
                    "type": "string"
                },
                "achievements": {
                    "type": "array",
                    "items": {
                        "$ref": "#/definitions/models.Achievement"
                    }
                },
                "bio": {
                    "type": "string"
                },
                "certifications": {
                    "type": "array",
                    "items": {
                        "$ref": "#/definitions/models.Certification"
                    }
                },
                "contact": {
                    "$ref": "#/definitions/models.Contact"
                },
                "createdAt": {
                    "type": "string"
                },
                "currentWorks": {
                    "type": "array",
                    "items": {
                        "$ref": "#/definitions/models.CurrentWork"
                    }
                },
                "education": {
                    "$ref": "#/definitions/models.Education"
                },
                "experiences": {
                    "type": "array",
                    "items": {
                        "$ref": "#/definitions/models.Experience"
                    }
                },
                "location": {
                    "type": "string"
                },
                "name": {
                    "type": "string"
                },
                "portraitUrl": {
                    "type": "string"
                },
                "skills": {
                    "$ref": "#/definitions/models.Skills"
                },
                "socialLinks": {
                    "$ref": "#/definitions/models.SocialLinks"
                },
                "title": {
                    "type": "string"
                },
                "updatedAt": {
                    "type": "string"
                }
            }
        },
        "models.Post": {
            "type": "object",
            "properties": {
                "authorId": {
                    "type": "string"
                },
                "catIds": {
                    "type": "array",
                    "items": {
                        "type": "string"
                    }
                },
                "categories": {
                    "type": "array",
                    "items": {
                        "$ref": "#/definitions/models.Category"
                    }
                },
                "content": {
                    "type": "string"
                },
                "coverImage": {
                    "$ref": "#/definitions/models.MediaAsset"
                },
                "createdAt": {
                    "type": "string"
                },
                "date": {
                    "type": "string"
                },
                "gallery": {
                    "type": "array",
                    "items": {
                        "$ref": "#/definitions/models.MediaAsset"
                    }
                },
                "id": {
                    "type": "string"
                },
                "postId": {
                    "type": "string"
                },
                "summary": {
                    "type": "string"
                },
                "tagIds": {
                    "type": "array",
                    "items": {
                        "type": "string"
                    }
                },
                "tags": {
                    "type": "array",
                    "items": {
                        "$ref": "#/definitions/models.Tag"
                    }
                },
                "title": {
                    "type": "string"
                },
                "typeIds": {
                    "type": "array",
                    "items": {
                        "type": "string"
                    }
                },
                "types": {
                    "type": "array",
                    "items": {
                        "$ref": "#/definitions/models.Type"
                    }
                },
                "updatedAt": {
                    "type": "string"
                }
            }
        },
        "models.Skills": {
            "type": "object",
            "properties": {
                "cloud": {
                    "type": "array",
                    "items": {
                        "type": "string"
                    }
                },
                "devops": {
                    "type": "array",
                    "items": {
                        "type": "string"
                    }
                },
                "monitoring": {
                    "type": "array",
                    "items": {
                        "type": "string"
                    }
                },
                "networking": {
                    "type": "array",
                    "items": {
                        "type": "string"
                    }
                },
                "scripting": {
                    "type": "array",
                    "items": {
                        "type": "string"
                    }
                },
                "security": {
                    "type": "array",
                    "items": {
                        "type": "string"
                    }
                },
                "systems": {
                    "type": "array",
                    "items": {
                        "type": "string"
                    }
                },
                "virtualization": {
                    "type": "array",
                    "items": {
                        "type": "string"
                    }
                }
            }
        },
        "models.SocialLinks": {
            "type": "object",
            "properties": {
                "github": {
                    "type": "string"
                },
                "instagram": {
                    "type": "string"
                },
                "linkedin": {
                    "type": "string"
                },
                "twitter": {
                    "type": "string"
                },
                "website": {
                    "type": "string"
                }
            }
        },
        "models.Tag": {
            "type": "object",
            "properties": {
                "id": {
                    "type": "string"
                },
                "name": {
                    "type": "string"
                },
                "tagID": {
                    "type": "string"
                }
            }
        },
        "models.Type": {
            "type": "object",
            "properties": {
                "id": {
                    "type": "string"
                },
                "name": {
                    "type": "string"
                },
                "type_id": {
                    "type": "string"
                }
            }
        }
    }
}